Activity Type,Date,Favorite,Title,Distance,Calories,Time,Avg HR,Max HR,Aerobic TE,Avg Bike Cadence,Max Bike Cadence,Avg Speed,Max Speed,Total Ascent,Total Descent,Avg Stride Length,Avg Vertical Ratio,Avg Vertical Oscillation,Avg Ground Contact Time,Training Stress Score®,Avg Power,Max Power,Grit,Flow,Avg. Swolf,Avg Stroke Rate,Total Reps,Total Sets,Total Routes,Climb Time,Max Ascent,Sends,Total Ascent,Falls,Total Rest,Dive Time,Min Temp,Surface Interval,Decompression,Best Lap Time,Number of Laps,Max Temp,Avg Resp,Min Resp,Max Resp,Stress Change,Stress Start,Stress End,Avg Stress,Max Stress,Moving Time,Elapsed Time,Min Elevation,Max Elevation
Strength Training,2023-12-24 15:23:06,false,"Strength","0.00","173","00:28:13","120","143","2.0","--","--","--","--","--","--","0.00","0.0","0.0","0","0.0","0","0","0.0","0.0","0","0","59","8","--","--","--","--","--","--","--","0:00","28.0","0:00","No","28:13.40","1","29.0","--","--","--","--","--","--","--","--","00:09:45.7","00:28:13","--","--"
Strength Training,2023-11-13 00:36:59,false,"Strength","0.00","146","00:46:51","92","116","0.4","--","--","--","--","--","--","0.00","0.0","0.0","0","0.0","0","0","0.0","0.0","0","0","38","6","--","--","--","--","--","--","--","0:00","26.0","0:00","No","46:51.43","1","27.0","--","--","--","--","--","--","--","--","00:10:35","00:46:53","--","--"
Strength Training,2023-10-26 00:37:06,false,"Push + Flexion","0.00","135","00:37:01","98","125","1.1","--","--","--","--","--","--","0.00","0.0","0.0","0","0.0","0","0","0.0","0.0","0","0","85","9","--","--","--","--","--","--","--","0:00","26.0","0:00","No","37:00.85","1","29.0","--","--","--","--","--","--","--","--","00:12:29","00:37:01","--","--"
Strength Training,2023-10-22 20:51:46,false,"Push + Flexion","0.00","208","00:41:18","115","141","2.0","--","--","--","--","--","--","0.00","0.0","0.0","0","0.0","0","0","0.0","0.0","0","0","99","11","--","--","--","--","--","--","--","0:00","26.0","0:00","No","41:17.59","1","28.0","--","--","--","--","--","--","--","--","00:11:34","00:41:18","--","--"
Strength Training,2023-10-20 17:28:09,false,"Strength","0.00","175","00:35:01","112","147","2.1","--","--","--","--","--","--","0.00","0.0","0.0","0","0.0","0","0","0.0","0.0","0","0","91","9","--","--","--","--","--","--","--","0:00","27.0","0:00","No","35:00.64","1","28.0","--","--","--","--","--","--","--","--","00:09:43.2","00:35:01","--","--"
Strength Training,2023-10-15 21:40:00,false,"Push + Flexion","0.00","278","00:52:34","121","144","2.3","--","--","--","--","--","--","0.00","0.0","0.0","0","0.0","0","0","0.0","0.0","0","0","72","8","--","--","--","--","--","--","--","0:00","24.0","0:00","No","52:33.87","1","26.0","--","--","--","--","--","--","--","--","00:20:30","00:52:34","--","--"
Hiking,2023-10-14 10:44:23,false,"Beykoz Hiking","9.42","758","03:17:43","112","152","2.2","60","210","20:59","8:19","259","248","0.79","0.0","0.0","0","0.0","0","0","0.0","0.0","0","0","0","--","--","--","--","--","--","--","--","0:00","25.0","0:00","No","41:50.09","2","34.0","--","--","--","--","--","--","--","--","02:05:23","03:48:17","46","166"
Strength Training,2023-10-13 17:00:24,false,"Strength","0.00","355","01:07:38","122","149","2.4","--","--","--","--","--","--","0.00","0.0","0.0","0","0.0","0","0","0.0","0.0","0","0","103","11","--","--","--","--","--","--","--","0:00","27.0","0:00","No","01:07:37.55","1","29.0","--","--","--","--","--","--","--","--","00:18:28","01:07:38","--","--"
Running,2023-10-11 21:18:01,false,"Tuzla Running","2.68","163","00:21:26","119","147","3.2","124","238","8:00","2:14","7","4","0.97","0.0","0.0","0","0.0","0","0","0.0","0.0","0","0","0","--","--","--","--","--","--","--","--","0:00","18.0","0:00","No","00:19.17","8","21.0","--","--","--","--","--","--","--","--","00:20:55","00:21:26","133","136"
Running,2023-10-08 22:42:12,false,"Tuzla Running","1.08","73","00:07:36.2","158","187","2.8","133","223","7:04","5:01","4","4","1.04","0.0","0.0","0","0.0","0","0","0.0","0.0","0","0","0","--","--","--","--","--","--","--","--","0:00","22.0","0:00","No","00:54.46","4","25.0","--","--","--","--","--","--","--","--","00:07:35.2","00:07:36.2","135","139"
Strength Training,2023-10-08 18:54:00,false,"Push + Flexion","0.00","185","00:39:44","114","136","1.2","--","--","--","--","--","--","0.00","0.0","0.0","0","0.0","0","0","0.0","0.0","0","0","95","10","--","--","--","--","--","--","--","0:00","27.0","0:00","No","39:43.50","1","29.0","--","--","--","--","--","--","--","--","00:11:49","00:39:44","--","--"
Strength Training,2023-10-07 23:31:25,false,"Pull + Extension","0.00","151","00:43:32","100","156","1.1","--","--","--","--","--","--","0.00","0.0","0.0","0","0.0","0","0","0.0","0.0","0","0","109","12","--","--","--","--","--","--","--","0:00","24.0","0:00","No","43:32.41","1","27.0","--","--","--","--","--","--","--","--","00:12:08","00:43:32","--","--"
Strength Training,2023-10-06 18:29:37,false,"Push + Flexion","0.00","204","00:49:34","108","154","1.2","--","--","--","--","--","--","0.00","0.0","0.0","0","0.0","0","0","0.0","0.0","0","0","108","11","--","--","--","--","--","--","--","0:00","27.0","0:00","No","49:33.82","1","30.0","--","--","--","--","--","--","--","--","00:13:04","00:49:34","--","--"
Strength Training,2023-10-04 21:22:47,false,"Pull + Extension","0.00","160","00:30:52","117","146","2.0","--","--","--","--","--","--","0.00","0.0","0.0","0","0.0","0","0","0.0","0.0","0","0","98","10","--","--","--","--","--","--","--","0:00","27.0","0:00","No","30:51.53","1","29.0","--","--","--","--","--","--","--","--","00:08:37.4","00:30:52","--","--"
Strength Training,2023-10-03 13:11:09,false,"Push + Flexion","0.00","202","00:43:47","112","172","2.1","--","--","--","--","--","--","0.00","0.0","0.0","0","0.0","0","0","0.0","0.0","0","0","106","11","--","--","--","--","--","--","--","0:00","28.0","0:00","No","43:47.49","1","29.0","--","--","--","--","--","--","--","--","00:14:14","00:43:47","--","--"
Strength Training,2023-10-02 15:21:36,false,"Pull + Extension ","0.00","156","00:33:21","112","136","1.5","--","--","--","--","--","--","0.00","0.0","0.0","0","0.0","0","0","0.0","0.0","0","0","129","11","--","--","--","--","--","--","--","0:00","28.0","0:00","No","33:21.49","1","29.0","--","--","--","--","--","--","--","--","00:12:50","00:33:21","--","--"
Strength Training,2023-09-30 20:51:18,false,"Strength","0.00","204","00:33:33","126","164","2.3","--","--","--","--","--","--","0.00","0.0","0.0","0","0.0","0","0","0.0","0.0","0","0","87","10","--","--","--","--","--","--","--","0:00","26.0","0:00","No","33:33.13","1","28.0","--","--","--","--","--","--","--","--","00:10:31","00:33:33","--","--"
Strength Training,2023-09-28 21:10:18,false,"Push + Flexion","0.00","198","00:40:18","115","147","2.0","--","--","--","--","--","--","0.00","0.0","0.0","0","0.0","0","0","0.0","0.0","0","0","91","9","--","--","--","--","--","--","--","0:00","29.0","0:00","No","40:17.79","1","31.0","--","--","--","--","--","--","--","--","00:09:07.7","00:40:18","--","--"
Strength Training,2023-09-26 20:43:20,false,"Pull + Extension","0.00","152","00:28:42","118","159","2.0","--","--","--","--","--","--","0.00","0.0","0.0","0","0.0","0","0","0.0","0.0","0","0","103","10","--","--","--","--","--","--","--","0:00","28.0","0:00","No","28:42.20","1","30.0","--","--","--","--","--","--","--","--","00:07:27.9","00:28:42","--","--"
Strength Training,2023-09-24 22:25:00,false,"Push + Flexion","0.00","118","00:35:35","97","124","0.5","--","--","--","--","--","--","0.00","0.0","0.0","0","0.0","0","0","0.0","0.0","0","0","86","8","--","--","--","--","--","--","--","0:00","31.0","0:00","No","35:34.59","1","33.0","--","--","--","--","--","--","--","--","00:06:50.2","00:35:35","--","--"
Strength Training,2023-09-23 19:09:00,false,"Pull + Extension","0.00","209","00:42:06","116","151","2.0","--","--","--","--","--","--","0.00","0.0","0.0","0","0.0","0","0","0.0","0.0","0","0","100","10","--","--","--","--","--","--","--","0:00","30.0","0:00","No","42:05.31","1","31.0","--","--","--","--","--","--","--","--","00:07:38.8","00:42:05","--","--"
Strength Training,2023-09-22 17:54:36,false,"Push + Flexion","0.00","192","00:37:38","118","145","2.0","--","--","--","--","--","--","0.00","0.0","0.0","0","0.0","0","0","0.0","0.0","0","0","87","9","--","--","--","--","--","--","--","0:00","30.0","0:00","No","37:38.42","1","32.0","--","--","--","--","--","--","--","--","00:09:33.1","00:37:38","--","--"
Strength Training,2023-09-21 16:45:00,false,"Pull + Squat","0.00","203","00:41:31","114","168","2.1","--","--","--","--","--","--","0.00","0.0","0.0","0","0.0","0","0","0.0","0.0","0","0","109","11","--","--","--","--","--","--","--","0:00","31.0","0:00","No","41:30.96","1","32.0","--","--","--","--","--","--","--","--","00:09:36.9","00:41:31","--","--"
Strength Training,2023-09-20 21:46:00,false,"Push + Flexion + Lateral","0.00","245","00:54:32","112","155","2.0","--","--","--","--","--","--","0.00","0.0","0.0","0","0.0","0","0","0.0","0.0","0","0","101","10","--","--","--","--","--","--","--","0:00","29.0","0:00","No","54:32.48","1","31.0","--","--","--","--","--","--","--","--","00:11:07","00:54:32","--","--"
Strength Training,2023-09-19 21:28:00,false,"Pull + Extension","0.00","247","00:49:30","118","151","2.0","--","--","--","--","--","--","0.00","0.0","0.0","0","0.0","0","0","0.0","0.0","0","0","108","12","--","--","--","--","--","--","--","0:00","29.0","0:00","No","49:30.24","1","31.0","--","--","--","--","--","--","--","--","00:08:54.3","00:49:30","--","--"
Strength Training,2023-09-17 20:22:00,false,"Push + Flexion","0.00","193","00:43:54","112","143","1.3","--","--","--","--","--","--","0.00","0.0","0.0","0","0.0","0","0","0.0","0.0","0","0","79","8","--","--","--","--","--","--","--","0:00","29.0","0:00","No","43:54.46","1","31.0","--","--","--","--","--","--","--","--","00:08:50.0","00:43:54","--","--"
Strength Training,2023-09-16 19:16:00,false,"Pull + Extension","0.00","151","00:30:19","115","139","1.7","--","--","--","--","--","--","0.00","0.0","0.0","0","0.0","0","0","0.0","0.0","0","0","93","9","--","--","--","--","--","--","--","0:00","29.0","0:00","No","30:19.01","1","30.0","--","--","--","--","--","--","--","--","00:07:38.2","00:30:19","--","--"
Strength Training,2023-09-15 18:12:00,false,"Push + Flexion","0.00","184","00:40:27","113","142","1.3","--","--","--","--","--","--","0.00","0.0","0.0","0","0.0","0","0","0.0","0.0","0","0","77","8","--","--","--","--","--","--","--","0:00","29.0","0:00","No","40:26.92","1","31.0","--","--","--","--","--","--","--","--","00:07:25.1","00:40:27","--","--"
Strength Training,2023-09-13 18:35:15,false,"Pull + Extension","0.00","119","00:29:40","105","128","0.7","--","--","--","--","--","--","0.00","0.0","0.0","0","0.0","0","0","0.0","0.0","0","0","72","8","--","--","--","--","--","--","--","0:00","29.0","0:00","No","29:39.50","1","31.0","--","--","--","--","--","--","--","--","00:08:12.4","00:29:40","--","--"
Walking,2023-09-12 21:06:33,false,"Kocasinan Walking","2.84","158","00:35:39","111","129","1.3","103","109","12:35","11:27","--","1","0.77","0.0","0.0","0","0.0","0","0","0.0","0.0","0","0","0","--","--","--","--","--","--","--","--","0:00","25.0","0:00","No","10:02.27","3","29.0","--","--","--","--","--","--","--","--","00:35:39","00:35:39","1,049","1,051"
Strength Training,2023-09-12 15:24:00,false,"Push + Flexion","0.00","187","00:41:07","110","134","1.3","--","--","--","--","--","--","0.00","0.0","0.0","0","0.0","0","0","0.0","0.0","0","0","87","8","--","--","--","--","--","--","--","0:00","30.0","0:00","No","41:06.92","1","31.0","--","--","--","--","--","--","--","--","00:07:54.7","00:41:07","--","--"
Strength Training,2023-09-11 16:58:00,false,"Pull + Lateral","0.00","103","00:27:04","98","133","0.8","--","--","--","--","--","--","0.00","0.0","0.0","0","0.0","0","0","0.0","0.0","0","0","73","8","--","--","--","--","--","--","--","0:00","31.0","0:00","No","27:03.71","1","32.0","--","--","--","--","--","--","--","--","00:09:00.5","00:27:04","--","--"
Strength Training,2023-09-10 19:00:00,false,"Push + Flexion","0.00","178","00:40:37","106","137","1.4","--","--","--","--","--","--","0.00","0.0","0.0","0","0.0","0","0","0.0","0.0","0","0","73","8","--","--","--","--","--","--","--","0:00","29.0","0:00","No","40:36.61","1","31.0","--","--","--","--","--","--","--","--","00:08:11.6","00:40:37","--","--"
Strength Training,2023-09-09 18:17:00,false,"Pull + Extension","0.00","158","00:27:59","119","147","1.9","--","--","--","--","--","--","0.00","0.0","0.0","0","0.0","0","0","0.0","0.0","0","0","76","8","--","--","--","--","--","--","--","0:00","30.0","0:00","No","27:58.41","1","31.0","--","--","--","--","--","--","--","--","00:07:33.9","00:28:11","--","--"
Strength Training,2023-09-07 18:32:00,false,"Push + Flexion","0.00","115","00:29:56","100","136","0.7","--","--","--","--","--","--","0.00","0.0","0.0","0","0.0","0","0","0.0","0.0","0","0","73","8","--","--","--","--","--","--","--","0:00","31.0","0:00","No","29:55.41","1","32.0","--","--","--","--","--","--","--","--","00:07:28.6","00:29:55","--","--"
Strength Training,2023-09-06 16:27:12,false,"Pull + Extension","0.00","135","00:25:51","114","137","1.3","--","--","--","--","--","--","0.00","0.0","0.0","0","0.0","0","0","0.0","0.0","0","0","69","8","--","--","--","--","--","--","--","0:00","31.0","0:00","No","25:50.74","1","32.0","--","--","--","--","--","--","--","--","00:06:37.3","00:25:51","--","--"
Strength Training,2023-09-05 20:55:13,false,"Strength","0.00","163","00:37:05","107","139","1.0","--","--","--","--","--","--","0.00","0.0","0.0","0","0.0","0","0","0.0","0.0","0","0","82","9","--","--","--","--","--","--","--","0:00","31.0","0:00","No","37:05.01","1","32.0","--","--","--","--","--","--","--","--","00:12:20","00:37:05","--","--"
Strength Training,2023-09-04 16:12:02,false,"Push","0.00","76","00:17:52","103","123","0.5","--","--","--","--","--","--","0.00","0.0","0.0","0","0.0","0","0","0.0","0.0","0","0","38","5","--","--","--","--","--","--","--","0:00","32.0","0:00","No","17:51.90","1","33.0","--","--","--","--","--","--","--","--","00:04:58.0","00:17:52","--","--"
Strength Training,2023-09-03 19:21:01,false,"Pull + Lateral","0.00","170","00:35:00","112","134","1.2","--","--","--","--","--","--","0.00","0.0","0.0","0","0.0","0","0","0.0","0.0","0","0","91","10","--","--","--","--","--","--","--","0:00","31.0","0:00","No","35:00.42","1","32.0","--","--","--","--","--","--","--","--","00:14:53","00:35:00","--","--"
Cardio,2023-09-03 13:39:35,false,"Jump Rope","0.00","105","00:13:53","132","153","2.2","--","--","--","--","--","--","0.00","0.0","0.0","0","0.0","0","0","0.0","0.0","0","0","0","--","--","--","--","--","--","--","--","0:00","30.0","0:00","No","13:52.97","1","31.0","--","--","--","--","--","--","--","--","00:00:00","00:13:53","--","--"
Strength Training,2023-09-02 21:23:52,false,"Push + Flexion","0.00","125","00:27:17","108","148","1.2","--","--","--","--","--","--","0.00","0.0","0.0","0","0.0","0","0","0.0","0.0","0","0","68","8","--","--","--","--","--","--","--","0:00","30.0","0:00","No","27:16.96","1","32.0","--","--","--","--","--","--","--","--","00:08:18.0","00:27:17","--","--"
Cardio,2023-09-02 14:18:24,false,"Jump Rope","0.00","132","00:20:09","125","158","2.1","--","--","--","--","--","--","0.00","0.0","0.0","0","0.0","0","0","0.0","0.0","0","0","0","--","--","--","--","--","--","--","--","0:00","30.0","0:00","No","20:09.42","1","33.0","--","--","--","--","--","--","--","--","00:00:00","00:23:59","--","--"
Strength Training,2023-09-01 14:35:00,false,"Pull + Extension","0.00","177","00:40:37","106","145","1.4","--","--","--","--","--","--","0.00","0.0","0.0","0","0.0","0","0","0.0","0.0","0","0","101","10","--","--","--","--","--","--","--","0:00","31.0","0:00","No","40:37.23","1","32.0","--","--","--","--","--","--","--","--","00:13:17","00:40:37","--","--"
Cardio,2023-08-31 17:52:50,false,"Jump Rope","0.00","150","00:19:10","135","157","2.4","--","--","--","--","--","--","0.00","0.0","0.0","0","0.0","0","0","0.0","0.0","0","0","0","--","--","--","--","--","--","--","--","0:00","31.0","0:00","No","19:09.94","1","32.0","--","--","--","--","--","--","--","--","00:00:00","00:19:10","1,070","1,073"
Strength Training,2023-08-31 10:43:00,false,"Push + Flexion","0.00","152","00:29:43","114","139","1.5","--","--","--","--","--","--","0.00","0.0","0.0","0","0.0","0","0","0.0","0.0","0","0","80","10","--","--","--","--","--","--","--","0:00","31.0","0:00","No","29:43.18","1","32.0","--","--","--","--","--","--","--","--","00:12:58","00:29:43","--","--"
Walking,2023-08-31 06:33:51,false,"Kocasinan Walking","2.87","173","00:32:01","127","137","1.4","111","117","11:09","10:31","1","--","0.81","0.0","0.0","0","0.0","0","0","0.0","0.0","0","0","0","--","--","--","--","--","--","--","--","0:00","23.0","0:00","No","09:41.67","3","25.0","--","--","--","--","--","--","--","--","00:31:56","00:32:01","1,049","1,051"
Running,2023-08-31 06:06:14,false,"Kocasinan Running","2.60","186","00:26:55","136","178","2.5","114","219","10:20","3:54","1","--","0.84","0.0","0.0","0","0.0","0","0","0.0","0.0","0","0","0","--","--","--","--","--","--","--","--","0:00","22.0","0:00","No","03:15.30","4","28.0","--","--","--","--","--","--","--","--","00:26:27","00:26:55","1,049","1,050"
Indoor Climbing,2023-08-29 13:52:38,false,"Boulderhane #6","--","952","02:57:28","126","157","2.6","--","--","--","--","76","--","0.00","0.0","0.0","0","0.0","0","0","0.0","0.0","0","0","0","--","27","1:14:52","7","18","76","24","1:42:35","0:00","28.0","0:00","No","02:57:28.03","1","33.0","--","--","--","--","--","--","--","--","00:00:00","02:57:30","131","143"
Indoor Climbing,2023-08-27 17:27:17,false,"Boulderhane #5","--","753","02:17:28","123","161","2.4","--","--","--","--","61","--","0.00","0.0","0.0","0","0.0","0","0","0.0","0.0","0","0","0","--","19","44:57","6","14","61","13","1:32:31","0:00","28.0","0:00","No","02:17:27.78","1","31.0","--","--","--","--","--","--","--","--","00:00:00","02:17:46","127","135"
Strength Training,2023-08-25 23:52:00,false,"Push + Lateral","0.00","105","00:25:04","101","122","0.6","--","--","--","--","--","--","0.00","0.0","0.0","0","0.0","0","0","0.0","0.0","0","0","77","10","--","--","--","--","--","--","--","0:00","30.0","0:00","No","25:03.55","1","32.0","--","--","--","--","--","--","--","--","00:11:56","00:25:04","--","--"
Strength Training,2023-08-24 20:29:00,false,"Pull + Flexion","0.00","152","00:36:42","102","137","0.6","--","--","--","--","--","--","0.00","0.0","0.0","0","0.0","0","0","0.0","0.0","0","0","85","9","--","--","--","--","--","--","--","0:00","31.0","0:00","No","36:41.68","1","32.0","--","--","--","--","--","--","--","--","00:08:18.3","00:36:42","--","--"
Strength Training,2023-08-21 20:58:00,false,"Pulll + Extension","0.00","191","00:38:40","111","141","1.3","--","--","--","--","--","--","0.00","0.0","0.0","0","0.0","0","0","0.0","0.0","0","0","91","12","--","--","--","--","--","--","--","0:00","29.0","0:00","No","38:40.14","1","30.0","--","--","--","--","--","--","--","--","00:13:38","00:38:40","--","--"
Indoor Climbing,2023-08-18 19:24:11,false,"Boulderhane #4","--","695","02:15:02","122","155","2.3","--","--","--","--","26","--","0.00","0.0","0.0","0","0.0","0","0","0.0","0.0","0","0","0","--","14","1:09:32","5","5","26","24","1:05:30","0:00","29.0","0:00","No","02:15:01.95","1","32.0","--","--","--","--","--","--","--","--","00:00:00","02:23:26","125","135"
Strength Training,2023-08-18 15:34:00,false,"Squat","0.00","71","00:15:35","102","156","0.8","--","--","--","--","--","--","0.00","0.0","0.0","0","0.0","0","0","0.0","0.0","0","0","45","6","--","--","--","--","--","--","--","0:00","31.0","0:00","No","15:35.07","1","32.0","--","--","--","--","--","--","--","--","00:06:19.8","00:15:35","--","--"
Strength Training,2023-08-17 01:33:14,false,"Strength","0.00","120","00:24:21","109","132","0.8","--","--","--","--","--","--","0.00","0.0","0.0","0","0.0","0","0","0.0","0.0","0","0","64","8","--","--","--","--","--","--","--","0:00","30.0","0:00","No","24:21.50","1","31.0","--","--","--","--","--","--","--","--","00:11:08","00:24:21","--","--"
Strength Training,2023-08-16 02:01:00,false,"Push and Flexion","0.00","104","00:23:53","101","158","1.0","--","--","--","--","--","--","0.00","0.0","0.0","0","0.0","0","0","0.0","0.0","0","0","82","9","--","--","--","--","--","--","--","0:00","31.0","0:00","No","23:52.68","1","32.0","--","--","--","--","--","--","--","--","00:09:56.2","00:24:25","--","--"
Assistance Requested,2023-08-16 01:10:58,false,"Sisli Assistance Requested","0.02","2","00:00:52.7","73","77","0.0","--","--","1.4","11.5","--","--","0.00","0.0","0.0","0","0.0","0","0","0.0","0.0","0","0","0","--","--","--","--","--","--","--","--","0:00","33.0","0:00","No","00:52.69","1","34.0","--","--","--","--","--","--","--","--","00:00:45","00:00:52.7","113","113"
Hiking,2023-08-13 19:02:52,false,"Uludağ Backcountry Hiking Down","7.20","1,253","03:57:25","127","163","3.1","42","168","33:00","8:14","202","586","0.73","0.0","0.0","0","0.0","0","0","0.0","0.0","0","0","0","--","--","--","--","--","--","--","--","0:00","21.0","0:00","No","03:57:25.07","1","30.0","--","--","--","--","--","--","--","--","01:50:00","04:05:46","1,786","2,271"
Mountaineering,2023-08-13 12:18:59,false,"Uludağ Summit","6.98","1,499","04:00:26","136","172","3.9","39","229","1.7","8.0","519","511","0.75","0.0","0.0","0","0.0","0","0","0.0","0.0","0","0","0","--","--","--","--","--","--","--","--","0:00","24.0","0:00","No","04:00:26.38","1","34.0","--","--","--","--","--","--","--","--","01:51:21","05:05:41","2,207","2,539"
Hiking,2023-08-12 18:09:54,false,"Uludağ Backcountry Hiking up to Saklıgöl","6.96","2,205","06:20:17","137","184","4.7","25","173","54:39","1:09","628","224","0.77","0.0","0.0","0","0.0","0","0","0.0","0.0","0","0","0","--","--","--","--","--","--","--","--","0:00","19.0","0:00","No","37:46.58","4","30.0","--","--","--","--","--","--","--","--","01:25:50","06:40:17","1,775","2,307"
Indoor Climbing,2023-08-09 15:24:23,false,"Boulderhane #3","--","724","02:03:05","129","159","2.8","--","--","--","--","65","--","0.00","0.0","0.0","0","0.0","0","0","0.0","0.0","0","0","0","--","24","1:17:45","7","11","65","34","45:20","0:00","28.0","0:00","No","02:03:04.72","1","31.0","--","--","--","--","--","--","--","--","00:00:00","02:04:12","138","144"
Strength Training,2023-08-08 23:16:00,false,"Push and Lateral Chains","0.00","153","00:27:48","113","148","1.6","--","--","--","--","--","--","0.00","0.0","0.0","0","0.0","0","0","0.0","0.0","0","0","107","10","--","--","--","--","--","--","--","0:00","29.0","0:00","No","27:48.18","1","30.0","--","--","--","--","--","--","--","--","00:11:23","00:27:48","--","--"
Strength Training,2023-08-06 23:08:00,false,"Pull and Extension Chains","0.00","152","00:32:15","108","135","0.9","--","--","--","--","--","--","0.00","0.0","0.0","0","0.0","0","0","0.0","0.0","0","0","86","10","--","--","--","--","--","--","--","0:00","30.0","0:00","No","32:14.67","1","32.0","--","--","--","--","--","--","--","--","00:12:28","00:32:15","--","--"
Strength Training,2023-08-05 00:17:00,false,"Push and Flexion Chains","0.00","91","00:25:09","95","125","0.5","--","--","--","--","--","--","0.00","0.0","0.0","0","0.0","0","0","0.0","0.0","0","0","85","9","--","--","--","--","--","--","--","0:00","30.0","0:00","No","25:09.20","1","31.0","--","--","--","--","--","--","--","--","00:10:51","00:25:09","--","--"
Indoor Climbing,2023-08-03 17:08:30,false,"Boulderhane #2","--","1,120","03:23:08","130","163","3.1","--","--","--","--","55","--","0.00","0.0","0.0","0","0.0","0","0","0.0","0.0","0","0","0","--","31","1:38:01","6","12","55","46","1:45:07","0:00","29.0","0:00","No","03:23:08.25","1","33.0","--","--","--","--","--","--","--","--","00:00:00","03:23:08","130","136"
Strength Training,2023-08-01 22:16:31,false,"Pull + Extension Chains","0.00","149","00:29:32","109","136","0.9","--","--","--","--","--","--","0.00","0.0","0.0","0","0.0","0","0","0.0","0.0","0","0","115","12","--","--","--","--","--","--","--","0:00","30.0","0:00","No","29:31.79","1","31.0","--","--","--","--","--","--","--","--","00:13:06","00:29:32","--","--"
Walking,2023-07-31 21:57:25,false,"Sisli Walking","3.98","257","00:49:07","124","160","1.9","99","212","12:21","9:52","83","83","0.82","0.0","0.0","0","0.0","0","0","0.0","0.0","0","0","0","--","--","--","--","--","--","--","--","0:00","25.0","0:00","No","00:03.12","6","30.0","--","--","--","--","--","--","--","--","00:48:27","00:49:07","42","117"
Indoor Climbing,2023-07-30 16:54:13,false,"Boulderhane #1","--","924","02:36:34","134","172","3.3","--","--","--","--","54","--","0.00","0.0","0.0","0","0.0","0","0","0.0","0.0","0","0","0","--","28","51:49","5","13","54","25","1:44:45","0:00","28.0","0:00","No","02:36:34.13","1","32.0","--","--","--","--","--","--","--","--","00:00:00","02:36:34","134","140"
Strength Training,2023-07-29 20:01:13,false,"Pull + Flexion Chains","0.00","136","00:24:20","115","135","1.2","--","--","--","--","--","--","0.00","0.0","0.0","0","0.0","0","0","0.0","0.0","0","0","98","11","--","--","--","--","--","--","--","0:00","30.0","0:00","No","24:20.26","1","31.0","--","--","--","--","--","--","--","--","00:10:33","00:24:20","--","--"
Strength Training,2023-07-28 16:24:29,false,"Pull + Extension Chains","0.00","166","00:25:36","123","147","1.9","--","--","--","--","--","--","0.00","0.0","0.0","0","0.0","0","0","0.0","0.0","0","0","92","12","--","--","--","--","--","--","--","0:00","30.0","0:00","No","25:36.16","1","32.0","--","--","--","--","--","--","--","--","00:10:51","00:25:36","--","--"
Strength Training,2023-07-24 15:15:20,false,"Push + Flexion Chains","0.00","137","00:25:12","113","136","1.0","--","--","--","--","--","--","0.00","0.0","0.0","0","0.0","0","0","0.0","0.0","0","0","97","10","--","--","--","--","--","--","--","0:00","32.0","0:00","No","25:12.30","1","33.0","--","--","--","--","--","--","--","--","00:10:45","00:25:12","--","--"
Strength Training,2023-07-23 11:10:39,false,"Pull and Lateral Chains","0.00","158","00:25:11","120","142","1.4","--","--","--","--","--","--","0.00","0.0","0.0","0","0.0","0","0","0.0","0.0","0","0","95","11","--","--","--","--","--","--","--","0:00","32.0","0:00","No","25:11.24","1","34.0","--","--","--","--","--","--","--","--","00:12:42","00:25:11","--","--"
Yoga,2023-07-23 08:32:23,false,"Yoga","--","76","00:24:11","94","126","0.3","--","--","--","--","--","--","0.00","0.0","0.0","0","0.0","0","0","0.0","0.0","0","0","--","1","--","--","--","--","--","--","--","0:00","31.0","0:00","No","24:11.10","1","33.0","19","12","24","12","33","45","63","99","00:24:11","00:25:31","--","--"
Yoga,2023-07-22 21:29:00,false,"Yoga","--","105","00:21:04","113","134","0.9","--","--","--","--","--","--","0.00","0.0","0.0","0","0.0","0","0","0.0","0.0","0","0","--","1","--","--","--","--","--","--","--","0:00","32.0","0:00","No","21:03.99","1","34.0","18","12","22","3","92","95","93","99","00:21:04","00:24:25","--","--"
Strength Training,2023-07-22 20:48:22,false,"Push & Flexion Chain","0.00","126","00:22:33","114","140","1.1","--","--","--","--","--","--","0.00","0.0","0.0","0","0.0","0","0","0.0","0.0","0","0","89","9","--","--","--","--","--","--","--","0:00","33.0","0:00","No","22:32.73","1","33.0","--","--","--","--","--","--","--","--","00:10:02","00:22:33","--","--"
Strength Training,2023-07-21 22:44:21,false,"Squat Chain","0.00","127","00:20:25","118","170","2.3","--","--","--","--","--","--","0.00","0.0","0.0","0","0.0","0","0","0.0","0.0","0","0","54","7","--","--","--","--","--","--","--","0:00","32.0","0:00","No","20:25.42","1","33.0","--","--","--","--","--","--","--","--","00:11:29","00:20:25","--","--"
Cardio,2023-07-21 20:09:08,false,"JumpJump Pro","0.00","93","00:10:14","139","158","2.1","--","--","--","--","--","--","0.00","0.0","0.0","0","0.0","0","0","0.0","0.0","0","0","0","--","--","--","--","--","--","--","--","0:00","32.0","0:00","No","10:13.61","1","33.0","--","--","--","--","--","--","--","--","00:00:00","00:11:14","112","113"
Breathwork,2023-07-21 19:08:22,false,"Relax and Focus (Short)","--","--","00:05:34","106","116","0.2","--","--","--","--","--","--","0.00","0.0","0.0","0","0.0","0","0","0.0","0.0","0","0","0","--","--","--","--","--","--","--","--","0:00","34.0","0:00","No","00:04.00","77","34.0","4","4","4","8","89","97","93","97","00:00:00","00:05:35.6","--","--"
Strength Training,2023-07-21 18:36:00,false,"Pull Day","0.00","93","00:16:33","114","131","0.7","--","--","--","--","--","--","0.00","0.0","0.0","0","0.0","0","0","0.0","0.0","0","0","59","8","--","--","--","--","--","--","--","0:00","33.0","0:00","No","16:33.01","1","34.0","--","--","--","--","--","--","--","--","00:07:39.0","00:16:33","--","--"
Strength Training,2023-07-20 17:54:57,false,"Push Day","0.00","119","00:23:02","110","138","0.8","--","--","--","--","--","--","0.00","0.0","0.0","0","0.0","0","0","0.0","0.0","0","0","64","7","--","--","--","--","--","--","--","0:00","33.0","0:00","No","23:01.90","1","34.0","--","--","--","--","--","--","--","--","00:09:27.7","00:23:02","--","--"
Strength Training,2023-07-19 16:36:24,false,"Pull Day","0.00","149","00:22:49","121","143","1.8","--","--","--","--","--","--","0.00","0.0","0.0","0","0.0","0","0","0.0","0.0","0","0","64","7","--","--","--","--","--","--","--","0:00","32.0","0:00","No","22:48.68","1","33.0","--","--","--","--","--","--","--","--","00:09:35.2","00:22:49","--","--"
Strength Training,2023-07-18 17:34:59,false,"Strength","0.00","123","00:20:28","116","144","1.4","--","--","--","--","--","--","0.00","0.0","0.0","0","0.0","0","0","0.0","0.0","0","0","59","5","--","--","--","--","--","--","--","0:00","32.0","0:00","No","20:28.41","1","33.0","--","--","--","--","--","--","--","--","00:10:03","00:20:28","--","--"
Strength Training,2023-07-17 23:03:16,false,"Strength","0.00","63","00:14:12","102","123","0.4","--","--","--","--","--","--","0.00","0.0","0.0","0","0.0","0","0","0.0","0.0","0","0","34","5","--","--","--","--","--","--","--","0:00","30.0","0:00","No","14:11.55","1","32.0","--","--","--","--","--","--","--","--","00:05:16.6","00:14:12","--","--"
Walking,2023-07-17 21:24:00,false,"Sisli Walking","3.94","240","01:03:05","94","116","0.6","70","152","16:01","5:35","12","102","0.88","0.0","0.0","0","0.0","0","0","0.0","0.0","0","0","0","--","--","--","--","--","--","--","--","0:00","27.0","0:00","No","10:49.87","4","32.0","--","--","--","--","--","--","--","--","00:47:07","01:07:07","13","118"
Strength Training,2023-07-15 18:48:55,false,"Strength","0.00","145","00:19:32","129","153","2.1","--","--","--","--","--","--","0.00","0.0","0.0","0","0.0","0","0","0.0","0.0","0","0","57","6","--","--","--","--","--","--","--","0:00","33.0","0:00","No","19:32.22","1","33.0","--","--","--","--","--","--","--","--","00:06:36.5","00:19:32","--","--"
Cardio,2023-07-15 18:19:27,false,"Cardio","0.00","157","00:20:27","130","170","2.3","--","--","--","--","--","--","0.00","0.0","0.0","0","0.0","0","0","0.0","0.0","0","0","0","--","--","--","--","--","--","--","--","0:00","33.0","0:00","No","20:27.04","1","34.0","--","--","--","--","--","--","--","--","00:00:00","00:22:35","--","--"
Yoga,2023-07-14 18:01:00,false,"Yoga","--","135","00:26:27","113","140","1.1","--","--","--","--","--","--","0.00","0.0","0.0","0","0.0","0","0","0.0","0.0","0","0","--","1","--","--","--","--","--","--","--","0:00","32.0","0:00","No","26:27.19","1","34.0","20","12","24","-15","93","78","91","99","00:26:27","00:26:27","--","--"
Strength Training,2023-07-14 17:18:25,false,"Strength","0.00","73","00:14:19","110","140","0.8","--","--","--","--","--","--","0.00","0.0","0.0","0","0.0","0","0","0.0","0.0","0","0","32","5","--","--","--","--","--","--","--","0:00","33.0","0:00","No","14:18.66","1","34.0","--","--","--","--","--","--","--","--","00:06:08.2","00:17:44","--","--"
Yoga,2023-07-13 17:41:08,false,"Yoga","--","140","00:27:06","115","144","1.2","--","--","--","--","--","--","0.00","0.0","0.0","0","0.0","0","0","0.0","0.0","0","0","--","1","--","--","--","--","--","--","--","0:00","32.0","0:00","No","27:05.72","1","33.0","16","12","19","65","34","99","95","99","00:27:06","00:27:06","--","--"
Indoor Climbing,2023-07-12 18:35:49,false,"DuvarX #2","--","680","02:12:37","124","159","2.4","--","--","--","--","33","--","0.00","0.0","0.0","0","0.0","0","0","0.0","0.0","0","0","0","--","15","26:56","7","7","33","9","1:45:41","0:00","28.0","0:00","No","02:12:37.09","1","32.0","--","--","--","--","--","--","--","--","00:00:00","02:19:47","45","52"
Walking,2023-07-06 21:27:09,false,"Kocasinan Walking","1.39","80","00:19:01","102","113","0.4","91","125","13:41","8:33","5","2","0.80","0.0","0.0","0","0.0","0","0","0.0","0.0","0","0","0","--","--","--","--","--","--","--","--","0:00","30.0","0:00","No","05:28.03","2","31.0","--","--","--","--","--","--","--","--","00:18:12","00:19:02","1,048","1,053"
Strength Training,2023-07-05 21:44:40,false,"Strength","0.00","81","00:17:03","106","129","0.5","--","--","--","--","--","--","0.00","0.0","0.0","0","0.0","0","0","0.0","0.0","0","0","26","5","--","--","--","--","--","--","--","0:00","31.0","0:00","No","17:03.48","1","32.0","--","--","--","--","--","--","--","--","00:04:56.2","00:17:03","--","--"
Walking,2023-07-05 20:56:05,false,"Kocasinan Walking","1.45","90","00:20:57","109","120","0.5","88","107","14:26","10:42","4","2","0.79","0.0","0.0","0","0.0","0","0","0.0","0.0","0","0","0","--","--","--","--","--","--","--","--","0:00","29.0","0:00","No","08:00.57","2","31.0","--","--","--","--","--","--","--","--","00:18:50","00:21:45","1,049","1,086"
Strength Training,2023-07-04 20:05:07,false,"Strength","0.00","146","00:25:45","114","139","1.3","--","--","--","--","--","--","0.00","0.0","0.0","0","0.0","0","0","0.0","0.0","0","0","65","9","--","--","--","--","--","--","--","0:00","30.0","0:00","No","25:45.07","1","32.0","--","--","--","--","--","--","--","--","00:08:23.3","00:28:20","--","--"
Strength Training,2023-06-30 22:37:22,false,"Strength","0.00","140","00:22:02","120","143","1.4","--","--","--","--","--","--","0.00","0.0","0.0","0","0.0","0","0","0.0","0.0","0","0","56","8","--","--","--","--","--","--","--","0:00","30.0","0:00","No","22:02.32","1","31.0","--","--","--","--","--","--","--","--","00:08:36.8","00:22:12","--","--"
Strength Training,2023-06-21 20:46:46,false,"Strength","0.00","148","00:33:20","104","130","0.7","--","--","--","--","--","--","0.00","0.0","0.0","0","0.0","0","0","0.0","0.0","0","0","71","8","--","--","--","--","--","--","--","0:00","31.0","0:00","No","33:20.12","1","32.0","--","--","--","--","--","--","--","--","00:15:56","00:33:20","--","--"
Indoor Climbing,2023-06-20 16:41:37,false,"DuvarX #1","--","524","01:36:27","124","160","2.4","--","--","--","--","38","--","0.00","0.0","0.0","0","0.0","0","0","0.0","0.0","0","0","0","--","13","20:00","6","10","38","4","1:16:27","0:00","29.0","0:00","No","01:36:27.05","1","32.0","--","--","--","--","--","--","--","--","00:00:00","01:36:55","35","42"
Bouldering,2023-06-16 17:09:26,false,"Bouldering","--","32","00:04:12.8","124","132","0.8","--","--","--","--","--","--","0.00","0.0","0.0","0","0.0","0","0","0.0","0.0","0","0","0","--","1","4:13","--","--","--","--","--","0:00","29.0","0:00","No","04:12.79","1","30.0","--","--","--","--","--","--","--","--","00:00:00","00:07:31.0","--","--"
Hiking,2023-06-14 18:07:14,false,"Ayvalik Hiking","2.67","298","01:12:01","105","129","0.7","47","233","27:01","6:37","86","86","0.79","0.0","0.0","0","0.0","0","0","0.0","0.0","0","0","0","--","--","--","--","--","--","--","--","0:00","29.0","0:00","No","01:12:00.59","1","32.0","--","--","--","--","--","--","--","--","00:35:43","01:26:08","1","86"
Indoor Climbing,2023-06-07 18:33:10,false,"Indoor Climbing","--","19","00:02:55.6","117","125","0.2","--","--","--","--","1","--","0.00","0.0","0.0","0","0.0","0","0","0.0","0.0","0","0","0","--","1","2:56","1","1","1","--","--","0:00","27.0","0:00","No","02:55.60","1","27.0","--","--","--","--","--","--","--","--","00:00:00","00:03:00.9","133","136"
Walking,2023-06-04 15:44:39,false,"Tuzla Walking","2.06","124","00:23:33","107","130","0.6","108","159","11:27","9:18","38","37","0.81","0.0","0.0","0","0.0","0","0","0.0","0.0","0","0","0","--","--","--","--","--","--","--","--","0:00","26.0","0:00","No","03:20.02","3","28.0","--","--","--","--","--","--","--","--","00:23:32","00:23:35","131","170"
Walking,2023-06-03 22:26:37,false,"Tuzla Walking","0.72","75","00:15:04","113","132","0.4","67","130","20:48","12:40","15","14","0.71","0.0","0.0","0","0.0","0","0","0.0","0.0","0","0","0","--","--","--","--","--","--","--","--","0:00","25.0","0:00","No","15:03.96","1","27.0","--","--","--","--","--","--","--","--","00:09:32","00:15:04","158","170"
Walking,2023-06-01 20:15:24,false,"Tuzla Walking","2.22","140","00:33:25","109","124","0.5","92","109","15:04","12:19","36","10","0.72","0.0","0.0","0","0.0","0","0","0.0","0.0","0","0","0","--","--","--","--","--","--","--","--","0:00","24.0","0:00","No","04:31.70","3","26.0","--","--","--","--","--","--","--","--","00:32:27","00:33:25","137","167"
Yoga,2023-05-31 18:10:33,false,"Yoga","--","297","01:02:04","110","137","1.0","--","--","--","--","--","--","0.00","0.0","0.0","0","0.0","0","0","0.0","0.0","0","0","--","1","--","--","--","--","--","--","--","0:00","28.0","0:00","No","01:02:04.11","1","30.0","17","9","24","6","93","99","93","100","01:02:04","01:02:05","--","--"
Walking,2023-05-30 23:53:54,false,"Tuzla Walking","1.94","143","00:30:14","99","125","0.4","82","124","15:36","10:02","31","6","0.78","0.0","0.0","0","0.0","0","0","0.0","0.0","0","0","0","--","--","--","--","--","--","--","--","0:00","23.0","0:00","No","06:32.96","3","27.0","--","--","--","--","--","--","--","--","00:24:19","00:30:15","129","159"
